Position,AminoAcid,Note
1,V,
2,E,
3,Q,
4,A,
5,Q,
6,Q,
7,I,
8,R,
9,L,
10,Q,
11,A,
12,E,
13,A,
14,F,
15,Q,
16,A,
17,R,
18,L,
19,K,
20,S,
21,W,
22,F,
23,E,
24,P,
25,L,
26,V,
27,E,
28,D,
29,M,
30,Q,
31,R,
32,Q,
33,W,
34,A,
35,G,
36,L,
37,V,
38,E,
39,K,
40,V,
41,Q,
42,A,
43,V,
44,G,
45,T,
46,S,
47,A,
48,A,
49,P,
50,V,
51,P,
52,S,
53,D,
54,N,
55,H,
56,S,
57,E,
58,G,
59,A,
60,E,
61,D,
62,L,
63,R,
64,V,
65,R,
66,L,
67,A,
68,S,
69,H,
70,L,
71,R,
72,K,
73,L,
74,R,
75,K,
76,R,
77,L,
78,L,
79,R,
80,D,
81,A,
82,D,
83,D,
84,L,
85,Q,
86,K,
87,R,
88,L,
89,A,
90,V,
91,Y,
92,Q,
93,A,
94,G,
95,A,
96,R,
97,E,
98,G,
99,A,
100,E,
101,R,
102,G,
103,L,
104,S,
105,A,
106,I,
107,R,
108,E,
109,R,
110,L,
111,G,
112,P,variant site
113,L,
114,V,
115,E,
116,Q,
117,G,
118,R,
119,V,
120,R,
121,A,
122,A,
123,T,
124,V,
125,G,
126,S,
127,L,
128,A,
129,G,
130,Q,
131,P,
132,L,
133,Q,
134,E,
135,R,
136,A,
137,Q,
138,A,
139,W,
140,G,
141,E,
142,R,
143,L,
144,R,
145,T,
146,R,
147,A,
148,A,
149,Q,
150,R,
151,L,
152,Q,
153,A,
154,E,
155,A,
156,F,
157,Q,
158,A,variant site
159,R,
160,L,
